{"cameraMode":{"drawMode":0,"name":"Shaded","section":"Shading Mode"},"sceneLighting":true,"audioPlay":false,"sceneViewState":{"showFog":true,"showMaterialUpdate":false,"showSkybox":true,"showFlares":true,"showImageEffects":true,"showParticleSystems":true},"in2DMode":false,"pivot":{"x":-0.012103300541639328,"y":-0.179107666015625,"z":-1.0656589269638062},"rotation":{"x":0.1119554340839386,"y":0.8786205053329468,"z":-0.2525595426559448,"w":0.38952627778053286},"size":7.69633674621582,"orthographic":false}