{"cameraMode":{"drawMode":0,"name":"Shaded","section":"Shading Mode"},"sceneLighting":false,"audioPlay":false,"sceneViewState":{"showFog":true,"showMaterialUpdate":false,"showSkybox":false,"showFlares":true,"showImageEffects":true,"showParticleSystems":true},"in2DMode":false,"pivot":{"x":5.960464477539063e-8,"y":0.25,"z":-1.1920928955078126e-7},"rotation":{"x":0.22565343976020814,"y":0.45665109157562258,"z":-0.1209353655576706,"w":0.8520234823226929},"size":4.286836624145508,"orthographic":false}